IES.PADRE,InstituciÃ³n de EducaciÃ³n Superior (IES),Programa Académico,Id GÃ©nero,AÃ±o,Semestre,Total Matriculados
5802,UNIVERSIDAD ECCI,INGENIERIA MECANICA,1,2015,1,897
5802,UNIVERSIDAD ECCI,INGENIERIA DE PLASTICOS,2,2015,1,7
5802,UNIVERSIDAD ECCI,INGENIERIA DE PLASTICOS,1,2015,1,15
5802,UNIVERSIDAD ECCI,DISEÑO DE MODAS,2,2015,1,52
5802,UNIVERSIDAD ECCI,DISEÑO DE MODAS,1,2015,1,9
5802,UNIVERSIDAD ECCI,COMERCIO INTERNACIONAL,2,2015,1,298
5802,UNIVERSIDAD ECCI,COMERCIO INTERNACIONAL,1,2015,1,161
5802,UNIVERSIDAD ECCI,CONTADURÍA PÚBLICA,2,2015,1,110
5802,UNIVERSIDAD ECCI,CONTADURÍA PÚBLICA,1,2015,1,34
5802,UNIVERSIDAD ECCI,ESPECIALIZACION EN PRODUCCION Y LOGISTICA INTERNACIONAL,2,2015,1,27
5802,UNIVERSIDAD ECCI,ESPECIALIZACION EN PRODUCCION Y LOGISTICA INTERNACIONAL,1,2015,1,73
5802,UNIVERSIDAD ECCI,ESPECIALIZACION EN GERENCIA DE MANTENIMIENTO,2,2015,1,18
5802,UNIVERSIDAD ECCI,ESPECIALIZACION EN GERENCIA DE MANTENIMIENTO,1,2015,1,184
5802,UNIVERSIDAD ECCI,ESPECIALIZACION EN AUTOMATIZACION INDUSTRIAL,2,2015,1,3
5802,UNIVERSIDAD ECCI,ESPECIALIZACION EN AUTOMATIZACION INDUSTRIAL,1,2015,1,22
5802,UNIVERSIDAD ECCI,ESPECIALIZACION EN GERENCIA DE INGENIERIA HOSPITALARIA,2,2015,1,16
5802,UNIVERSIDAD ECCI,ESPECIALIZACION EN GERENCIA DE INGENIERIA HOSPITALARIA,1,2015,1,18
5802,UNIVERSIDAD ECCI,ESPECIALIZACION EN TELECOMUNICACIONES INALAMBRICAS,2,2015,1,3
5802,UNIVERSIDAD ECCI,ESPECIALIZACION EN TELECOMUNICACIONES INALAMBRICAS,1,2015,1,16
5802,UNIVERSIDAD ECCI,INGENIERIA ELECTRONICA,2,2015,1,54
5802,UNIVERSIDAD ECCI,INGENIERIA ELECTRONICA,1,2015,1,447
5802,UNIVERSIDAD ECCI,INGENIERIA DE SISTEMAS,2,2015,1,113
5802,UNIVERSIDAD ECCI,INGENIERIA DE SISTEMAS,1,2015,1,367
5802,UNIVERSIDAD ECCI,INGENIERIA BIOMEDICA,2,2015,1,104
5802,UNIVERSIDAD ECCI,INGENIERIA BIOMEDICA,1,2015,1,140
5802,UNIVERSIDAD ECCI,INGENIERIA AMBIENTAL,2,2015,1,382
5802,UNIVERSIDAD ECCI,INGENIERIA AMBIENTAL,1,2015,1,285
5802,UNIVERSIDAD ECCI,INGENIERIA INDUSTRIAL,2,2015,1,487
5802,UNIVERSIDAD ECCI,INGENIERIA INDUSTRIAL,1,2015,1,618
5802,UNIVERSIDAD ECCI,INGENIERIA MECANICA,2,2015,1,34
5802,UNIVERSIDAD ECCI,TECNICO PROFESIONAL EN LENGUAS MODERNAS,2,2015,1,304
5802,UNIVERSIDAD ECCI,TECNICO PROFESIONAL EN LENGUAS MODERNAS,1,2015,1,171
5802,UNIVERSIDAD ECCI,PROFESIONAL EN LENGUAS MODERNAS,2,2015,1,472
5802,UNIVERSIDAD ECCI,PROFESIONAL EN LENGUAS MODERNAS,1,2015,1,248
5802,UNIVERSIDAD ECCI,TECNICO PROFESIONAL EN MERCADEO Y PUBLICIDAD,2,2015,1,205
5802,UNIVERSIDAD ECCI,TECNICO PROFESIONAL EN MERCADEO Y PUBLICIDAD,1,2015,1,255
5802,UNIVERSIDAD ECCI,MERCADEO Y PUBLICIDAD,2,2015,1,157
5802,UNIVERSIDAD ECCI,MERCADEO Y PUBLICIDAD,1,2015,1,160
5802,UNIVERSIDAD ECCI,TECNOLOGIA EN GESTION CONTABLE,2,2015,1,146
5802,UNIVERSIDAD ECCI,TECNOLOGIA EN GESTION CONTABLE,1,2015,1,80
5802,UNIVERSIDAD ECCI,TECNOLOGIA EN SOPORTE DE TELECOMUNICACIONES,2,2015,1,26
5802,UNIVERSIDAD ECCI,TECNOLOGIA EN SOPORTE DE TELECOMUNICACIONES,1,2015,1,146
5802,UNIVERSIDAD ECCI,TECNOLOGIA EN ELECTRONICA INDUSTRIAL,2,2015,1,25
5802,UNIVERSIDAD ECCI,TECNOLOGIA EN ELECTRONICA INDUSTRIAL,1,2015,1,323
5802,UNIVERSIDAD ECCI,TECNOLOGIA EN DESARROLLO AMBIENTAL,2,2015,1,850
5802,UNIVERSIDAD ECCI,TECNOLOGIA EN DESARROLLO AMBIENTAL,1,2015,1,641
5802,UNIVERSIDAD ECCI,ENFERMERIA,2,2015,1,129
5802,UNIVERSIDAD ECCI,ENFERMERIA,1,2015,1,37
5802,UNIVERSIDAD ECCI,TECNOLOGIA EN DESARROLLO INFORMATICO,2,2015,1,108
5802,UNIVERSIDAD ECCI,TECNOLOGIA EN DESARROLLO INFORMATICO,1,2015,1,510
5802,UNIVERSIDAD ECCI,TECNOLOGIA EN GESTION DE PROCESOS INDUSTRIALES,2,2015,1,926
5802,UNIVERSIDAD ECCI,TECNOLOGIA EN GESTION DE PROCESOS INDUSTRIALES,1,2015,1,1367
5802,UNIVERSIDAD ECCI,TECNOLOGIA EN ELECTROMEDICINA,2,2015,1,171
5802,UNIVERSIDAD ECCI,TECNOLOGIA EN ELECTROMEDICINA,1,2015,1,231
5802,UNIVERSIDAD ECCI,TECNOLOGIA EN MECANICA INDUSTRIAL,2,2015,1,56
5802,UNIVERSIDAD ECCI,TECNOLOGIA EN MECANICA INDUSTRIAL,1,2015,1,651
5802,UNIVERSIDAD ECCI,TECNOLOGIA EN MECANICA AUTOMOTRIZ,2,2015,1,51
5802,UNIVERSIDAD ECCI,TECNOLOGIA EN MECANICA AUTOMOTRIZ,1,2015,1,1819
5802,UNIVERSIDAD ECCI,TECNICA PROFESIONAL EN MECANICA AUTOMOTRIZ,2,2015,1,1
5802,UNIVERSIDAD ECCI,TECNICA PROFESIONAL EN MECANICA AUTOMOTRIZ,1,2015,1,19
5802,UNIVERSIDAD ECCI,TECNICA PROFESIONAL EN MECANICA AUTOMOTRIZ,1,2015,1,13
5802,UNIVERSIDAD ECCI,TECNICO PROFESIONAL EN COMERCIO EXTERIOR Y NEGOCIOS INTERNACIONALES,2,2015,1,1
5802,UNIVERSIDAD ECCI,TECNOLOGIA EN GESTION DE COMERCIO EXTERIOR,2,2015,1,214
5802,UNIVERSIDAD ECCI,TECNOLOGIA EN GESTION DE COMERCIO EXTERIOR,1,2015,1,231
5802,UNIVERSIDAD ECCI,INGENIERIA MECATRONICA,2,2015,1,8
5802,UNIVERSIDAD ECCI,INGENIERIA MECATRONICA,1,2015,1,32
5802,UNIVERSIDAD ECCI,TECNOLOGIA EN AUTOMATIZACION Y ROBOTICA INDUSTRIAL,2,2015,1,42
5802,UNIVERSIDAD ECCI,TECNOLOGIA EN AUTOMATIZACION Y ROBOTICA INDUSTRIAL,1,2015,1,337
5802,UNIVERSIDAD ECCI,TECNOLOGIA EN PROCESAMIENTO DE PLASTICOS,2,2015,1,4
5802,UNIVERSIDAD ECCI,TECNOLOGIA EN PROCESAMIENTO DE PLASTICOS,1,2015,1,19
5802,UNIVERSIDAD ECCI,TECNOLOGIA EN CREACION Y PRODUCCION DE MODA,2,2015,1,174
5802,UNIVERSIDAD ECCI,TECNOLOGIA EN CREACION Y PRODUCCION DE MODA,1,2015,1,26
5802,UNIVERSIDAD ECCI,ESPECIALIZACION EN GERENCIA DE LA SEGURIDAD Y SALUD EN EL TRABAJO,2,2015,1,139
5802,UNIVERSIDAD ECCI,ESPECIALIZACION EN GERENCIA DE LA SEGURIDAD Y SALUD EN EL TRABAJO,1,2015,1,92
5802,UNIVERSIDAD ECCI,ESTADÍSTICA,2,2015,1,3
5802,UNIVERSIDAD ECCI,ESTADÍSTICA,1,2015,1,4
5802,UNIVERSIDAD ECCI,ESPECIALIZACION EN GERENCIA DE LA SEGURIDAD Y SALUD EN EL TRABAJO,2,2015,1,30
5802,UNIVERSIDAD ECCI,ESPECIALIZACION EN GERENCIA DE LA SEGURIDAD Y SALUD EN EL TRABAJO,1,2015,1,31
5802,UNIVERSIDAD ECCI,COMERCIO INTERNACIONAL,1,2016,1,168
5802,UNIVERSIDAD ECCI,COMERCIO INTERNACIONAL,2,2016,1,281
5802,UNIVERSIDAD ECCI,CONTADURÍA PÚBLICA,1,2016,1,44
5802,UNIVERSIDAD ECCI,CONTADURÍA PÚBLICA,2,2016,1,109
5802,UNIVERSIDAD ECCI,ESPECIALIZACION EN PRODUCCION Y LOGISTICA INTERNACIONAL,1,2016,1,17
5802,UNIVERSIDAD ECCI,ESPECIALIZACION EN PRODUCCION Y LOGISTICA INTERNACIONAL,2,2016,1,10
5802,UNIVERSIDAD ECCI,ESPECIALIZACION EN GERENCIA DE MANTENIMIENTO,1,2016,1,84
5802,UNIVERSIDAD ECCI,ESPECIALIZACION EN GERENCIA DE MANTENIMIENTO,2,2016,1,12
5802,UNIVERSIDAD ECCI,ESPECIALIZACION EN AUTOMATIZACION INDUSTRIAL,1,2016,1,12
5802,UNIVERSIDAD ECCI,ESPECIALIZACION EN GERENCIA DE INGENIERIA HOSPITALARIA,1,2016,1,4
5802,UNIVERSIDAD ECCI,ESPECIALIZACION EN GERENCIA DE INGENIERIA HOSPITALARIA,2,2016,1,4
5802,UNIVERSIDAD ECCI,ESPECIALIZACION EN TELECOMUNICACIONES INALAMBRICAS,1,2016,1,9
5802,UNIVERSIDAD ECCI,INGENIERIA ELECTRONICA,1,2016,1,489
5802,UNIVERSIDAD ECCI,INGENIERIA ELECTRONICA,2,2016,1,57
5802,UNIVERSIDAD ECCI,INGENIERIA DE SISTEMAS,1,2016,1,351
5802,UNIVERSIDAD ECCI,INGENIERIA DE SISTEMAS,2,2016,1,113
5802,UNIVERSIDAD ECCI,INGENIERIA BIOMEDICA,1,2016,1,162
5802,UNIVERSIDAD ECCI,INGENIERIA BIOMEDICA,2,2016,1,127
5802,UNIVERSIDAD ECCI,INGENIERIA AMBIENTAL,1,2016,1,349
5802,UNIVERSIDAD ECCI,INGENIERIA AMBIENTAL,2,2016,1,512
5802,UNIVERSIDAD ECCI,INGENIERIA INDUSTRIAL,1,2016,1,712
5802,UNIVERSIDAD ECCI,INGENIERIA INDUSTRIAL,2,2016,1,584
5802,UNIVERSIDAD ECCI,INGENIERIA MECANICA,1,2016,1,991
5802,UNIVERSIDAD ECCI,INGENIERIA MECANICA,2,2016,1,39
5802,UNIVERSIDAD ECCI,INGENIERIA DE PLASTICOS,1,2016,1,20
5802,UNIVERSIDAD ECCI,INGENIERIA DE PLASTICOS,2,2016,1,10
5802,UNIVERSIDAD ECCI,DISEÑO DE MODAS,1,2016,1,5
5802,UNIVERSIDAD ECCI,DISEÑO DE MODAS,2,2016,1,70
5802,UNIVERSIDAD ECCI,TECNICO PROFESIONAL EN LENGUAS MODERNAS,1,2016,1,12
5802,UNIVERSIDAD ECCI,TECNICO PROFESIONAL EN LENGUAS MODERNAS,2,2016,1,30
5802,UNIVERSIDAD ECCI,PROFESIONAL EN LENGUAS MODERNAS,1,2016,1,470
5802,UNIVERSIDAD ECCI,PROFESIONAL EN LENGUAS MODERNAS,2,2016,1,991
5802,UNIVERSIDAD ECCI,MERCADEO Y PUBLICIDAD,1,2016,1,88
5802,UNIVERSIDAD ECCI,MERCADEO Y PUBLICIDAD,2,2016,1,115
5802,UNIVERSIDAD ECCI,TECNOLOGIA EN GESTION CONTABLE,1,2016,1,88
5802,UNIVERSIDAD ECCI,TECNOLOGIA EN GESTION CONTABLE,2,2016,1,165
5802,UNIVERSIDAD ECCI,TECNOLOGIA EN SOPORTE DE TELECOMUNICACIONES,1,2016,1,187
5802,UNIVERSIDAD ECCI,TECNOLOGIA EN SOPORTE DE TELECOMUNICACIONES,2,2016,1,24
5802,UNIVERSIDAD ECCI,TECNOLOGIA EN ELECTRONICA INDUSTRIAL,1,2016,1,344
5802,UNIVERSIDAD ECCI,TECNOLOGIA EN ELECTRONICA INDUSTRIAL,2,2016,1,42
5802,UNIVERSIDAD ECCI,TECNOLOGIA EN DESARROLLO AMBIENTAL,1,2016,1,753
5802,UNIVERSIDAD ECCI,TECNOLOGIA EN DESARROLLO AMBIENTAL,2,2016,1,1054
5802,UNIVERSIDAD ECCI,ENFERMERIA,1,2016,1,36
5802,UNIVERSIDAD ECCI,ENFERMERIA,2,2016,1,180
5802,UNIVERSIDAD ECCI,TECNOLOGIA EN DESARROLLO INFORMATICO,1,2016,1,583
5802,UNIVERSIDAD ECCI,TECNOLOGIA EN DESARROLLO INFORMATICO,2,2016,1,118
5802,UNIVERSIDAD ECCI,TECNOLOGIA EN GESTION DE PROCESOS INDUSTRIALES,1,2016,1,1357
5802,UNIVERSIDAD ECCI,TECNOLOGIA EN GESTION DE PROCESOS INDUSTRIALES,2,2016,1,944
5802,UNIVERSIDAD ECCI,TECNOLOGIA EN ELECTROMEDICINA,1,2016,1,249
5802,UNIVERSIDAD ECCI,TECNOLOGIA EN ELECTROMEDICINA,2,2016,1,205
5802,UNIVERSIDAD ECCI,TECNOLOGIA EN MECANICA INDUSTRIAL,1,2016,1,668
5802,UNIVERSIDAD ECCI,TECNOLOGIA EN MECANICA INDUSTRIAL,2,2016,1,50
5802,UNIVERSIDAD ECCI,TECNOLOGIA EN MECANICA AUTOMOTRIZ,1,2016,1,2002
5802,UNIVERSIDAD ECCI,TECNOLOGIA EN MECANICA AUTOMOTRIZ,2,2016,1,51
5802,UNIVERSIDAD ECCI,TECNICA PROFESIONAL EN MECANICA AUTOMOTRIZ,1,2016,1,46
5802,UNIVERSIDAD ECCI,TECNICA PROFESIONAL EN MECANICA AUTOMOTRIZ,2,2016,1,3
5802,UNIVERSIDAD ECCI,TECNOLOGIA EN GESTION DE COMERCIO EXTERIOR,1,2016,1,273
5802,UNIVERSIDAD ECCI,TECNOLOGIA EN GESTION DE COMERCIO EXTERIOR,2,2016,1,302
5802,UNIVERSIDAD ECCI,INGENIERIA MECATRONICA,1,2016,1,87
5802,UNIVERSIDAD ECCI,INGENIERIA MECATRONICA,2,2016,1,15
5802,UNIVERSIDAD ECCI,TECNOLOGIA EN AUTOMATIZACION Y ROBOTICA INDUSTRIAL,1,2016,1,575
5802,UNIVERSIDAD ECCI,TECNOLOGIA EN AUTOMATIZACION Y ROBOTICA INDUSTRIAL,2,2016,1,52
5802,UNIVERSIDAD ECCI,TECNOLOGIA EN PROCESAMIENTO DE PLASTICOS,1,2016,1,30
5802,UNIVERSIDAD ECCI,TECNOLOGIA EN PROCESAMIENTO DE PLASTICOS,2,2016,1,12
5802,UNIVERSIDAD ECCI,TECNOLOGIA EN CREACION Y PRODUCCION DE MODA,1,2016,1,22
5802,UNIVERSIDAD ECCI,TECNOLOGIA EN CREACION Y PRODUCCION DE MODA,2,2016,1,161
5802,UNIVERSIDAD ECCI,ESPECIALIZACION EN GERENCIA DE LA SEGURIDAD Y SALUD EN EL TRABAJO,1,2016,1,40
5802,UNIVERSIDAD ECCI,ESPECIALIZACION EN GERENCIA DE LA SEGURIDAD Y SALUD EN EL TRABAJO,2,2016,1,82
5802,UNIVERSIDAD ECCI,ESTADÍSTICA,1,2016,1,10
5802,UNIVERSIDAD ECCI,ESTADÍSTICA,2,2016,1,6
5802,UNIVERSIDAD ECCI,ESPECIALIZACION EN GERENCIA DE LA SEGURIDAD Y SALUD EN EL TRABAJO,1,2016,1,82
5802,UNIVERSIDAD ECCI,ESPECIALIZACION EN GERENCIA DE LA SEGURIDAD Y SALUD EN EL TRABAJO,2,2016,1,127
5802,UNIVERSIDAD ECCI,ESPECIALIZACIÓN EN EDUCACIÓN PARA LA SOSTENIBILIDAD AMBIENTAL,1,2016,1,6
5802,UNIVERSIDAD ECCI,ESPECIALIZACIÓN EN EDUCACIÓN PARA LA SOSTENIBILIDAD AMBIENTAL,2,2016,1,8
5802,UNIVERSIDAD ECCI,TECNOLOGIA EN MERCADEO Y DISEÑO PUBLICITARIO,1,2016,1,322
5802,UNIVERSIDAD ECCI,TECNOLOGIA EN MERCADEO Y DISEÑO PUBLICITARIO,2,2016,1,294
5802,UNIVERSIDAD ECCI,PROFESIONAL EN LENGUAS MODERNAS,1,2016,1,8
5802,UNIVERSIDAD ECCI,PROFESIONAL EN LENGUAS MODERNAS,2,2016,1,15
5802,UNIVERSIDAD ECCI,TECNOLOGIA EN GESTION DEL COMERCIO EXTERIOR,1,2016,1,1
5802,UNIVERSIDAD ECCI,DISEÑO DE MODAS,2,2017,1,58
5802,UNIVERSIDAD ECCI,TECNOLOGIA EN GESTION DE COMERCIO EXTERIOR,1,2017,1,238
5802,UNIVERSIDAD ECCI,TECNOLOGIA EN GESTION DE COMERCIO EXTERIOR,2,2017,1,292
5802,UNIVERSIDAD ECCI,TECNICA PROFESIONAL EN TECNOLOGIA DE PLASTICOS,2,2017,1,1
5802,UNIVERSIDAD ECCI,COMERCIO INTERNACIONAL,1,2017,1,195
5802,UNIVERSIDAD ECCI,COMERCIO INTERNACIONAL,2,2017,1,324
5802,UNIVERSIDAD ECCI,CONTADURÍA PÚBLICA,1,2017,1,55
5802,UNIVERSIDAD ECCI,CONTADURÍA PÚBLICA,2,2017,1,123
5802,UNIVERSIDAD ECCI,ESPECIALIZACION EN PRODUCCION Y LOGISTICA INTERNACIONAL,1,2017,1,16
5802,UNIVERSIDAD ECCI,ESPECIALIZACION EN PRODUCCION Y LOGISTICA INTERNACIONAL,2,2017,1,9
5802,UNIVERSIDAD ECCI,ESPECIALIZACION EN GERENCIA DE MANTENIMIENTO,1,2017,1,87
5802,UNIVERSIDAD ECCI,ESPECIALIZACION EN GERENCIA DE MANTENIMIENTO,2,2017,1,9
5802,UNIVERSIDAD ECCI,ESPECIALIZACION EN GERENCIA DE INGENIERIA HOSPITALARIA,1,2017,1,1
5802,UNIVERSIDAD ECCI,INGENIERIA ELECTRONICA,1,2017,1,417
5802,UNIVERSIDAD ECCI,INGENIERIA ELECTRONICA,2,2017,1,63
5802,UNIVERSIDAD ECCI,INGENIERIA DE SISTEMAS,1,2017,1,377
5802,UNIVERSIDAD ECCI,INGENIERIA DE SISTEMAS,2,2017,1,114
5802,UNIVERSIDAD ECCI,INGENIERIA BIOMEDICA,1,2017,1,155
5802,UNIVERSIDAD ECCI,INGENIERIA BIOMEDICA,2,2017,1,125
5802,UNIVERSIDAD ECCI,INGENIERIA AMBIENTAL,1,2017,1,349
5802,UNIVERSIDAD ECCI,INGENIERIA AMBIENTAL,2,2017,1,613
5802,UNIVERSIDAD ECCI,INGENIERIA INDUSTRIAL,1,2017,1,696
5802,UNIVERSIDAD ECCI,INGENIERIA INDUSTRIAL,2,2017,1,583
5802,UNIVERSIDAD ECCI,INGENIERIA MECANICA,1,2017,1,995
5802,UNIVERSIDAD ECCI,INGENIERIA MECANICA,2,2017,1,51
5802,UNIVERSIDAD ECCI,INGENIERIA DE PLASTICOS,1,2017,1,20
5802,UNIVERSIDAD ECCI,INGENIERIA DE PLASTICOS,2,2017,1,7
5802,UNIVERSIDAD ECCI,DISEÑO DE MODAS,1,2017,1,4
5802,UNIVERSIDAD ECCI,PROFESIONAL EN LENGUAS MODERNAS,1,2017,1,557
5802,UNIVERSIDAD ECCI,PROFESIONAL EN LENGUAS MODERNAS,2,2017,1,1182
5802,UNIVERSIDAD ECCI,MERCADEO Y PUBLICIDAD,1,2017,1,78
5802,UNIVERSIDAD ECCI,MERCADEO Y PUBLICIDAD,2,2017,1,111
5802,UNIVERSIDAD ECCI,TECNOLOGIA EN GESTION CONTABLE,1,2017,1,79
5802,UNIVERSIDAD ECCI,TECNOLOGIA EN GESTION CONTABLE,2,2017,1,140
5802,UNIVERSIDAD ECCI,TECNOLOGIA EN SOPORTE DE TELECOMUNICACIONES,1,2017,1,156
5802,UNIVERSIDAD ECCI,TECNOLOGIA EN SOPORTE DE TELECOMUNICACIONES,2,2017,1,15
5802,UNIVERSIDAD ECCI,TECNOLOGIA EN ELECTRONICA INDUSTRIAL,1,2017,1,333
5802,UNIVERSIDAD ECCI,TECNOLOGIA EN ELECTRONICA INDUSTRIAL,2,2017,1,34
5802,UNIVERSIDAD ECCI,TECNOLOGIA EN DESARROLLO AMBIENTAL,1,2017,1,738
5802,UNIVERSIDAD ECCI,TECNOLOGIA EN DESARROLLO AMBIENTAL,2,2017,1,992
5802,UNIVERSIDAD ECCI,ENFERMERIA,1,2017,1,44
5802,UNIVERSIDAD ECCI,ENFERMERIA,2,2017,1,185
5802,UNIVERSIDAD ECCI,TECNOLOGIA EN DESARROLLO INFORMATICO,1,2017,1,595
5802,UNIVERSIDAD ECCI,TECNOLOGIA EN DESARROLLO INFORMATICO,2,2017,1,97
5802,UNIVERSIDAD ECCI,TECNOLOGIA EN GESTION DE PROCESOS INDUSTRIALES,1,2017,1,1230
5802,UNIVERSIDAD ECCI,TECNOLOGIA EN GESTION DE PROCESOS INDUSTRIALES,2,2017,1,956
5802,UNIVERSIDAD ECCI,TECNOLOGIA EN ELECTROMEDICINA,1,2017,1,247
5802,UNIVERSIDAD ECCI,TECNOLOGIA EN ELECTROMEDICINA,2,2017,1,244
5802,UNIVERSIDAD ECCI,TECNOLOGIA EN MECANICA INDUSTRIAL,1,2017,1,580
5802,UNIVERSIDAD ECCI,TECNOLOGIA EN MECANICA INDUSTRIAL,2,2017,1,45
5802,UNIVERSIDAD ECCI,TECNOLOGIA EN MECANICA AUTOMOTRIZ,1,2017,1,2059
5802,UNIVERSIDAD ECCI,TECNOLOGIA EN MECANICA AUTOMOTRIZ,2,2017,1,59
5802,UNIVERSIDAD ECCI,TECNICA PROFESIONAL EN MECANICA AUTOMOTRIZ,1,2017,1,59
5802,UNIVERSIDAD ECCI,TECNICA PROFESIONAL EN MECANICA AUTOMOTRIZ,2,2017,1,2
5802,UNIVERSIDAD ECCI,INGENIERIA MECATRONICA,1,2017,1,151
5802,UNIVERSIDAD ECCI,INGENIERIA MECATRONICA,2,2017,1,20
5802,UNIVERSIDAD ECCI,TECNOLOGIA EN AUTOMATIZACION Y ROBOTICA INDUSTRIAL,1,2017,1,790
5802,UNIVERSIDAD ECCI,TECNOLOGIA EN AUTOMATIZACION Y ROBOTICA INDUSTRIAL,2,2017,1,72
5802,UNIVERSIDAD ECCI,TECNOLOGIA EN PROCESAMIENTO DE PLASTICOS,1,2017,1,31
5802,UNIVERSIDAD ECCI,TECNOLOGIA EN PROCESAMIENTO DE PLASTICOS,2,2017,1,17
5802,UNIVERSIDAD ECCI,TECNOLOGIA EN CREACION Y PRODUCCION DE MODA,1,2017,1,30
5802,UNIVERSIDAD ECCI,TECNOLOGIA EN CREACION Y PRODUCCION DE MODA,2,2017,1,197
5802,UNIVERSIDAD ECCI,ESPECIALIZACION EN GERENCIA DE LA SEGURIDAD Y SALUD EN EL TRABAJO,1,2017,1,37
5802,UNIVERSIDAD ECCI,ESPECIALIZACION EN GERENCIA DE LA SEGURIDAD Y SALUD EN EL TRABAJO,2,2017,1,59
5802,UNIVERSIDAD ECCI,ESTADÍSTICA,1,2017,1,13
5802,UNIVERSIDAD ECCI,ESTADÍSTICA,2,2017,1,6
5802,UNIVERSIDAD ECCI,ESPECIALIZACION EN GERENCIA DE LA SEGURIDAD Y SALUD EN EL TRABAJO,1,2017,1,118
5802,UNIVERSIDAD ECCI,ESPECIALIZACION EN GERENCIA DE LA SEGURIDAD Y SALUD EN EL TRABAJO,2,2017,1,203
5802,UNIVERSIDAD ECCI,ESPECIALIZACIÓN EN EDUCACIÓN PARA LA SOSTENIBILIDAD AMBIENTAL,1,2017,1,17
5802,UNIVERSIDAD ECCI,ESPECIALIZACIÓN EN EDUCACIÓN PARA LA SOSTENIBILIDAD AMBIENTAL,2,2017,1,28
5802,UNIVERSIDAD ECCI,TECNOLOGIA EN MERCADEO Y DISEÑO PUBLICITARIO,1,2017,1,325
5802,UNIVERSIDAD ECCI,TECNOLOGIA EN MERCADEO Y DISEÑO PUBLICITARIO,2,2017,1,358
5802,UNIVERSIDAD ECCI,PROFESIONAL EN LENGUAS MODERNAS,1,2017,1,46
5802,UNIVERSIDAD ECCI,PROFESIONAL EN LENGUAS MODERNAS,2,2017,1,85
5802,UNIVERSIDAD ECCI,ESPECIALIZACION EN INNOVACION DOCENTE MEDIADA POR TIC,1,2017,1,8
5802,UNIVERSIDAD ECCI,ESPECIALIZACION EN INNOVACION DOCENTE MEDIADA POR TIC,2,2017,1,6
5802,UNIVERSIDAD ECCI,TECNOLOGIA EN GESTION DEL COMERCIO EXTERIOR,1,2017,1,5
5802,UNIVERSIDAD ECCI,TECNOLOGIA EN GESTION DEL COMERCIO EXTERIOR,2,2017,1,6
5802,UNIVERSIDAD ECCI,TECNOLOGIA EN GESTION GASTRONOMICA,1,2017,1,85
5802,UNIVERSIDAD ECCI,TECNOLOGIA EN GESTION GASTRONOMICA,2,2017,1,31
5802,UNIVERSIDAD ECCI,TECNOLOGIA EN GESTION DE PROCESOS INDUSTRIALES,1,2017,1,18
5802,UNIVERSIDAD ECCI,TECNOLOGIA EN GESTION DE PROCESOS INDUSTRIALES,2,2017,1,5
5802,UNIVERSIDAD ECCI,MAESTRIA EN GERENCIA DE TECNOLOGIAS DE LA INFORMACION Y COMUNICACION TIC,1,2017,1,9
5802,UNIVERSIDAD ECCI,MAESTRIA EN GERENCIA DE TECNOLOGIAS DE LA INFORMACION Y COMUNICACION TIC,2,2017,1,3
5802,UNIVERSIDAD ECCI,TECNOLOGIA EN AUTOMATIZACION Y ROBOTICA INDUSTRIAL,1,2017,1,30
5802,UNIVERSIDAD ECCI,TECNOLOGIA EN AUTOMATIZACION Y ROBOTICA INDUSTRIAL,2,2017,1,2
5802,UNIVERSIDAD ECCI,DERECHO,1,2017,1,6
5802,UNIVERSIDAD ECCI,DERECHO,2,2017,1,16
5802,UNIVERSIDAD ECCI,MAESTRIA EN INGENIERIA,1,2017,1,15
5802,UNIVERSIDAD ECCI,MAESTRIA EN INGENIERIA,2,2017,1,1
5802,UNIVERSIDAD ECCI,TECNOLOGIA EN GESTION DE COMERCIO EXTERIOR,1,2018,1,209
5802,UNIVERSIDAD ECCI,PROFESIONAL EN LENGUAS MODERNAS,1,2018,1,691
5802,UNIVERSIDAD ECCI,COMERCIO INTERNACIONAL,1,2018,1,199
5802,UNIVERSIDAD ECCI,COMERCIO INTERNACIONAL,2,2018,1,306
5802,UNIVERSIDAD ECCI,CONTADURÍA PÚBLICA,1,2018,1,48
5802,UNIVERSIDAD ECCI,CONTADURÍA PÚBLICA,2,2018,1,128
5802,UNIVERSIDAD ECCI,ESPECIALIZACION EN PRODUCCION Y LOGISTICA INTERNACIONAL,1,2018,1,16
5802,UNIVERSIDAD ECCI,ESPECIALIZACION EN PRODUCCION Y LOGISTICA INTERNACIONAL,2,2018,1,9
5802,UNIVERSIDAD ECCI,ESPECIALIZACION EN GERENCIA DE MANTENIMIENTO,1,2018,1,79
5802,UNIVERSIDAD ECCI,ESPECIALIZACION EN GERENCIA DE MANTENIMIENTO,2,2018,1,10
5802,UNIVERSIDAD ECCI,INGENIERIA ELECTRONICA,1,2018,1,394
5802,UNIVERSIDAD ECCI,INGENIERIA ELECTRONICA,2,2018,1,59
5802,UNIVERSIDAD ECCI,INGENIERIA DE SISTEMAS,1,2018,1,451
5802,UNIVERSIDAD ECCI,INGENIERIA DE SISTEMAS,2,2018,1,126
5802,UNIVERSIDAD ECCI,INGENIERIA BIOMEDICA,1,2018,1,168
5802,UNIVERSIDAD ECCI,INGENIERIA BIOMEDICA,2,2018,1,142
5802,UNIVERSIDAD ECCI,INGENIERIA AMBIENTAL,1,2018,1,403
5802,UNIVERSIDAD ECCI,INGENIERIA AMBIENTAL,2,2018,1,765
5802,UNIVERSIDAD ECCI,INGENIERIA INDUSTRIAL,1,2018,1,745
5802,UNIVERSIDAD ECCI,INGENIERIA INDUSTRIAL,2,2018,1,626
5802,UNIVERSIDAD ECCI,INGENIERIA MECANICA,1,2018,1,1051
5802,UNIVERSIDAD ECCI,INGENIERIA MECANICA,2,2018,1,55
5802,UNIVERSIDAD ECCI,INGENIERIA DE PLASTICOS,1,2018,1,13
5802,UNIVERSIDAD ECCI,INGENIERIA DE PLASTICOS,2,2018,1,8
5802,UNIVERSIDAD ECCI,DISEÑO DE MODAS,1,2018,1,9
5802,UNIVERSIDAD ECCI,DISEÑO DE MODAS,2,2018,1,64
5802,UNIVERSIDAD ECCI,PROFESIONAL EN LENGUAS MODERNAS,2,2018,1,1216
5802,UNIVERSIDAD ECCI,MERCADEO Y PUBLICIDAD,1,2018,1,108
5802,UNIVERSIDAD ECCI,MERCADEO Y PUBLICIDAD,2,2018,1,148
5802,UNIVERSIDAD ECCI,TECNOLOGIA EN GESTION CONTABLE,1,2018,1,95
5802,UNIVERSIDAD ECCI,TECNOLOGIA EN GESTION CONTABLE,2,2018,1,123
5802,UNIVERSIDAD ECCI,TECNOLOGIA EN SOPORTE DE TELECOMUNICACIONES,1,2018,1,133
5802,UNIVERSIDAD ECCI,TECNOLOGIA EN SOPORTE DE TELECOMUNICACIONES,2,2018,1,20
5802,UNIVERSIDAD ECCI,TECNOLOGIA EN ELECTRONICA INDUSTRIAL,1,2018,1,281
5802,UNIVERSIDAD ECCI,TECNOLOGIA EN ELECTRONICA INDUSTRIAL,2,2018,1,42
5802,UNIVERSIDAD ECCI,TECNOLOGIA EN DESARROLLO AMBIENTAL,1,2018,1,633
5802,UNIVERSIDAD ECCI,TECNOLOGIA EN DESARROLLO AMBIENTAL,2,2018,1,816
5802,UNIVERSIDAD ECCI,ENFERMERIA,1,2018,1,52
5802,UNIVERSIDAD ECCI,ENFERMERIA,2,2018,1,200
5802,UNIVERSIDAD ECCI,TECNOLOGIA EN DESARROLLO INFORMATICO,1,2018,1,547
5802,UNIVERSIDAD ECCI,TECNOLOGIA EN DESARROLLO INFORMATICO,2,2018,1,100
5802,UNIVERSIDAD ECCI,TECNOLOGIA EN GESTION DE PROCESOS INDUSTRIALES,1,2018,1,1067
5802,UNIVERSIDAD ECCI,TECNOLOGIA EN GESTION DE PROCESOS INDUSTRIALES,2,2018,1,768
5802,UNIVERSIDAD ECCI,TECNOLOGIA EN ELECTROMEDICINA,1,2018,1,235
5802,UNIVERSIDAD ECCI,TECNOLOGIA EN ELECTROMEDICINA,2,2018,1,241
5802,UNIVERSIDAD ECCI,TECNOLOGIA EN MECANICA INDUSTRIAL,1,2018,1,487
5802,UNIVERSIDAD ECCI,TECNOLOGIA EN MECANICA INDUSTRIAL,2,2018,1,52
5802,UNIVERSIDAD ECCI,TECNOLOGIA EN MECANICA AUTOMOTRIZ,1,2018,1,1852
5802,UNIVERSIDAD ECCI,TECNOLOGIA EN MECANICA AUTOMOTRIZ,2,2018,1,119
5802,UNIVERSIDAD ECCI,TECNICA PROFESIONAL EN MECANICA AUTOMOTRIZ,1,2018,1,49
5802,UNIVERSIDAD ECCI,TECNICA PROFESIONAL EN MECANICA AUTOMOTRIZ,2,2018,1,3
5802,UNIVERSIDAD ECCI,TECNICA PROFESIONAL EN MECANICA AUTOMOTRIZ,1,2018,1,1
5802,UNIVERSIDAD ECCI,TECNOLOGIA EN GESTION DE COMERCIO EXTERIOR,2,2018,1,239
5802,UNIVERSIDAD ECCI,INGENIERIA MECATRONICA,1,2018,1,285
5802,UNIVERSIDAD ECCI,INGENIERIA MECATRONICA,2,2018,1,36
5802,UNIVERSIDAD ECCI,TECNOLOGIA EN AUTOMATIZACION Y ROBOTICA INDUSTRIAL,1,2018,1,768
5802,UNIVERSIDAD ECCI,TECNOLOGIA EN AUTOMATIZACION Y ROBOTICA INDUSTRIAL,2,2018,1,115
5802,UNIVERSIDAD ECCI,TECNOLOGIA EN PROCESAMIENTO DE PLASTICOS,1,2018,1,27
5802,UNIVERSIDAD ECCI,TECNOLOGIA EN PROCESAMIENTO DE PLASTICOS,2,2018,1,15
5802,UNIVERSIDAD ECCI,TECNOLOGIA EN CREACION Y PRODUCCION DE MODA,1,2018,1,40
5802,UNIVERSIDAD ECCI,TECNOLOGIA EN CREACION Y PRODUCCION DE MODA,2,2018,1,169
5802,UNIVERSIDAD ECCI,ESPECIALIZACION EN GERENCIA DE LA SEGURIDAD Y SALUD EN EL TRABAJO,1,2018,1,49
5802,UNIVERSIDAD ECCI,ESPECIALIZACION EN GERENCIA DE LA SEGURIDAD Y SALUD EN EL TRABAJO,2,2018,1,131
5802,UNIVERSIDAD ECCI,ESTADÍSTICA,1,2018,1,16
5802,UNIVERSIDAD ECCI,ESTADÍSTICA,2,2018,1,11
5802,UNIVERSIDAD ECCI,ESPECIALIZACION EN GERENCIA DE LA SEGURIDAD Y SALUD EN EL TRABAJO,1,2018,1,223
5802,UNIVERSIDAD ECCI,ESPECIALIZACION EN GERENCIA DE LA SEGURIDAD Y SALUD EN EL TRABAJO,2,2018,1,450
5802,UNIVERSIDAD ECCI,ESPECIALIZACIÓN EN EDUCACIÓN PARA LA SOSTENIBILIDAD AMBIENTAL,1,2018,1,11
5802,UNIVERSIDAD ECCI,ESPECIALIZACIÓN EN EDUCACIÓN PARA LA SOSTENIBILIDAD AMBIENTAL,2,2018,1,29
5802,UNIVERSIDAD ECCI,TECNOLOGIA EN MERCADEO Y DISEÑO PUBLICITARIO,1,2018,1,341
5802,UNIVERSIDAD ECCI,TECNOLOGIA EN MERCADEO Y DISEÑO PUBLICITARIO,2,2018,1,360
5802,UNIVERSIDAD ECCI,PROFESIONAL EN LENGUAS MODERNAS,1,2018,1,84
5802,UNIVERSIDAD ECCI,PROFESIONAL EN LENGUAS MODERNAS,2,2018,1,163
5802,UNIVERSIDAD ECCI,ESPECIALIZACION EN INNOVACION DOCENTE MEDIADA POR TIC,1,2018,1,10
5802,UNIVERSIDAD ECCI,ESPECIALIZACION EN INNOVACION DOCENTE MEDIADA POR TIC,2,2018,1,7
5802,UNIVERSIDAD ECCI,TECNOLOGIA EN GESTION DEL COMERCIO EXTERIOR,1,2018,1,11
5802,UNIVERSIDAD ECCI,TECNOLOGIA EN GESTION DEL COMERCIO EXTERIOR,2,2018,1,14
5802,UNIVERSIDAD ECCI,TECNOLOGIA EN GESTION GASTRONOMICA,1,2018,1,139
5802,UNIVERSIDAD ECCI,TECNOLOGIA EN GESTION GASTRONOMICA,2,2018,1,80
5802,UNIVERSIDAD ECCI,TECNOLOGIA EN GESTION DE PROCESOS INDUSTRIALES,1,2018,1,33
5802,UNIVERSIDAD ECCI,TECNOLOGIA EN GESTION DE PROCESOS INDUSTRIALES,2,2018,1,20
5802,UNIVERSIDAD ECCI,MAESTRIA EN GERENCIA DE TECNOLOGIAS DE LA INFORMACION Y COMUNICACION TIC,1,2018,1,26
5802,UNIVERSIDAD ECCI,MAESTRIA EN GERENCIA DE TECNOLOGIAS DE LA INFORMACION Y COMUNICACION TIC,2,2018,1,12
5802,UNIVERSIDAD ECCI,INGENIERIA MECATRONICA,1,2018,1,18
5802,UNIVERSIDAD ECCI,TECNOLOGIA EN AUTOMATIZACION Y ROBOTICA INDUSTRIAL,1,2018,1,63
5802,UNIVERSIDAD ECCI,TECNOLOGIA EN AUTOMATIZACION Y ROBOTICA INDUSTRIAL,2,2018,1,10
5802,UNIVERSIDAD ECCI,DERECHO,1,2018,1,26
5802,UNIVERSIDAD ECCI,DERECHO,2,2018,1,31
5802,UNIVERSIDAD ECCI,MAESTRIA EN INGENIERIA,1,2018,1,35
5802,UNIVERSIDAD ECCI,MAESTRIA EN INGENIERIA,2,2018,1,5
5802,UNIVERSIDAD ECCI,COMERCIO INTERNACIONAL,1,2019,1,163
5802,UNIVERSIDAD ECCI,COMERCIO INTERNACIONAL,2,2019,1,239
5802,UNIVERSIDAD ECCI,CONTADURÍA PÚBLICA,1,2019,1,63
5802,UNIVERSIDAD ECCI,CONTADURÍA PÚBLICA,2,2019,1,150
5802,UNIVERSIDAD ECCI,ESPECIALIZACION EN PRODUCCION Y LOGISTICA INTERNACIONAL,1,2019,1,33
5802,UNIVERSIDAD ECCI,ESPECIALIZACION EN PRODUCCION Y LOGISTICA INTERNACIONAL,2,2019,1,15
5802,UNIVERSIDAD ECCI,ESPECIALIZACION EN GERENCIA DE MANTENIMIENTO,1,2019,1,64
5802,UNIVERSIDAD ECCI,ESPECIALIZACION EN GERENCIA DE MANTENIMIENTO,2,2019,1,8
5802,UNIVERSIDAD ECCI,ESPECIALIZACION EN GERENCIA DE INGENIERIA HOSPITALARIA,1,2019,1,3
5802,UNIVERSIDAD ECCI,ESPECIALIZACION EN GERENCIA DE INGENIERIA HOSPITALARIA,2,2019,1,8
5802,UNIVERSIDAD ECCI,ESPECIALIZACION EN TELECOMUNICACIONES INALAMBRICAS,1,2019,1,1
5802,UNIVERSIDAD ECCI,INGENIERIA ELECTRONICA,1,2019,1,344
5802,UNIVERSIDAD ECCI,INGENIERIA ELECTRONICA,2,2019,1,48
5802,UNIVERSIDAD ECCI,INGENIERIA DE SISTEMAS,1,2019,1,491
5802,UNIVERSIDAD ECCI,INGENIERIA DE SISTEMAS,2,2019,1,111
5802,UNIVERSIDAD ECCI,INGENIERIA BIOMEDICA,1,2019,1,167
5802,UNIVERSIDAD ECCI,INGENIERIA BIOMEDICA,2,2019,1,153
5802,UNIVERSIDAD ECCI,INGENIERIA AMBIENTAL,1,2019,1,416
5802,UNIVERSIDAD ECCI,INGENIERIA AMBIENTAL,2,2019,1,747
5802,UNIVERSIDAD ECCI,INGENIERIA INDUSTRIAL,1,2019,1,735
5802,UNIVERSIDAD ECCI,INGENIERIA INDUSTRIAL,2,2019,1,648
5802,UNIVERSIDAD ECCI,INGENIERIA MECANICA,1,2019,1,1134
5802,UNIVERSIDAD ECCI,INGENIERIA MECANICA,2,2019,1,56
5802,UNIVERSIDAD ECCI,INGENIERIA DE PLASTICOS,1,2019,1,16
5802,UNIVERSIDAD ECCI,INGENIERIA DE PLASTICOS,2,2019,1,6
5802,UNIVERSIDAD ECCI,DISEÑO DE MODAS,1,2019,1,14
5802,UNIVERSIDAD ECCI,DISEÑO DE MODAS,2,2019,1,65
5802,UNIVERSIDAD ECCI,PROFESIONAL EN LENGUAS MODERNAS,1,2019,1,780
5802,UNIVERSIDAD ECCI,PROFESIONAL EN LENGUAS MODERNAS,2,2019,1,1419
5802,UNIVERSIDAD ECCI,TECNICA PROFESIONAL EN MECANICA AUTOMOTRIZ,1,2019,1,19
5802,UNIVERSIDAD ECCI,TECNICA PROFESIONAL EN MECANICA AUTOMOTRIZ,2,2019,1,1
5802,UNIVERSIDAD ECCI,MERCADEO Y PUBLICIDAD,1,2019,1,111
5802,UNIVERSIDAD ECCI,MERCADEO Y PUBLICIDAD,2,2019,1,166
5802,UNIVERSIDAD ECCI,TECNOLOGIA EN GESTION CONTABLE,1,2019,1,80
5802,UNIVERSIDAD ECCI,TECNOLOGIA EN GESTION CONTABLE,2,2019,1,90
5802,UNIVERSIDAD ECCI,TECNOLOGIA EN SOPORTE DE TELECOMUNICACIONES,1,2019,1,92
5802,UNIVERSIDAD ECCI,TECNOLOGIA EN SOPORTE DE TELECOMUNICACIONES,2,2019,1,14
5802,UNIVERSIDAD ECCI,TECNOLOGIA EN ELECTRONICA INDUSTRIAL,1,2019,1,277
5802,UNIVERSIDAD ECCI,TECNOLOGIA EN ELECTRONICA INDUSTRIAL,2,2019,1,28
5802,UNIVERSIDAD ECCI,TECNOLOGIA EN DESARROLLO AMBIENTAL,1,2019,1,401
5802,UNIVERSIDAD ECCI,TECNOLOGIA EN DESARROLLO AMBIENTAL,2,2019,1,425
5802,UNIVERSIDAD ECCI,ENFERMERIA,1,2019,1,44
5802,UNIVERSIDAD ECCI,ENFERMERIA,2,2019,1,166
5802,UNIVERSIDAD ECCI,TECNOLOGIA EN DESARROLLO INFORMATICO,1,2019,1,551
5802,UNIVERSIDAD ECCI,TECNOLOGIA EN DESARROLLO INFORMATICO,2,2019,1,97
5802,UNIVERSIDAD ECCI,TECNOLOGIA EN GESTION DE PROCESOS INDUSTRIALES,1,2019,1,873
5802,UNIVERSIDAD ECCI,TECNOLOGIA EN GESTION DE PROCESOS INDUSTRIALES,2,2019,1,686
5802,UNIVERSIDAD ECCI,TECNOLOGIA EN ELECTROMEDICINA,1,2019,1,181
5802,UNIVERSIDAD ECCI,TECNOLOGIA EN ELECTROMEDICINA,2,2019,1,205
5802,UNIVERSIDAD ECCI,TECNOLOGIA EN MECANICA INDUSTRIAL,1,2019,1,447
5802,UNIVERSIDAD ECCI,TECNOLOGIA EN MECANICA INDUSTRIAL,2,2019,1,49
5802,UNIVERSIDAD ECCI,TECNOLOGIA EN MECANICA AUTOMOTRIZ,1,2019,1,1826
5802,UNIVERSIDAD ECCI,TECNOLOGIA EN MECANICA AUTOMOTRIZ,2,2019,1,107
5802,UNIVERSIDAD ECCI,TECNOLOGIA EN GESTION DE COMERCIO EXTERIOR,1,2019,1,203
5802,UNIVERSIDAD ECCI,TECNOLOGIA EN GESTION DE COMERCIO EXTERIOR,2,2019,1,221
5802,UNIVERSIDAD ECCI,INGENIERIA MECATRONICA,1,2019,1,356
5802,UNIVERSIDAD ECCI,INGENIERIA MECATRONICA,2,2019,1,50
5802,UNIVERSIDAD ECCI,TECNOLOGIA EN AUTOMATIZACION Y ROBOTICA INDUSTRIAL,1,2019,1,835
5802,UNIVERSIDAD ECCI,TECNOLOGIA EN AUTOMATIZACION Y ROBOTICA INDUSTRIAL,2,2019,1,110
5802,UNIVERSIDAD ECCI,TECNOLOGIA EN PROCESAMIENTO DE PLASTICOS,1,2019,1,19
5802,UNIVERSIDAD ECCI,TECNOLOGIA EN PROCESAMIENTO DE PLASTICOS,2,2019,1,14
5802,UNIVERSIDAD ECCI,TECNOLOGIA EN CREACION Y PRODUCCION DE MODA,1,2019,1,36
5802,UNIVERSIDAD ECCI,TECNOLOGIA EN CREACION Y PRODUCCION DE MODA,2,2019,1,162
5802,UNIVERSIDAD ECCI,ESPECIALIZACION EN GERENCIA DE LA SEGURIDAD Y SALUD EN EL TRABAJO,1,2019,1,61
5802,UNIVERSIDAD ECCI,ESPECIALIZACION EN GERENCIA DE LA SEGURIDAD Y SALUD EN EL TRABAJO,2,2019,1,158
5802,UNIVERSIDAD ECCI,ESTADÍSTICA,1,2019,1,29
5802,UNIVERSIDAD ECCI,ESTADÍSTICA,2,2019,1,15
5802,UNIVERSIDAD ECCI,ESPECIALIZACION EN GERENCIA DE LA SEGURIDAD Y SALUD EN EL TRABAJO,1,2019,1,336
5802,UNIVERSIDAD ECCI,ESPECIALIZACION EN GERENCIA DE LA SEGURIDAD Y SALUD EN EL TRABAJO,2,2019,1,683
5802,UNIVERSIDAD ECCI,ESPECIALIZACIÓN EN EDUCACIÓN PARA LA SOSTENIBILIDAD AMBIENTAL,1,2019,1,6
5802,UNIVERSIDAD ECCI,ESPECIALIZACIÓN EN EDUCACIÓN PARA LA SOSTENIBILIDAD AMBIENTAL,2,2019,1,10
5802,UNIVERSIDAD ECCI,TECNOLOGIA EN MERCADEO Y DISEÑO PUBLICITARIO,1,2019,1,342
5802,UNIVERSIDAD ECCI,TECNOLOGIA EN MERCADEO Y DISEÑO PUBLICITARIO,2,2019,1,373
5802,UNIVERSIDAD ECCI,PROFESIONAL EN LENGUAS MODERNAS,1,2019,1,156
5802,UNIVERSIDAD ECCI,PROFESIONAL EN LENGUAS MODERNAS,2,2019,1,298
5802,UNIVERSIDAD ECCI,ESPECIALIZACION EN INNOVACION DOCENTE MEDIADA POR TIC,1,2019,1,11
5802,UNIVERSIDAD ECCI,ESPECIALIZACION EN INNOVACION DOCENTE MEDIADA POR TIC,2,2019,1,16
5802,UNIVERSIDAD ECCI,TECNOLOGIA EN GESTION DEL COMERCIO EXTERIOR,1,2019,1,16
5802,UNIVERSIDAD ECCI,TECNOLOGIA EN GESTION DEL COMERCIO EXTERIOR,2,2019,1,23
5802,UNIVERSIDAD ECCI,COMERCIO INTERNACIONAL,1,2019,1,2
5802,UNIVERSIDAD ECCI,COMERCIO INTERNACIONAL,2,2019,1,3
5802,UNIVERSIDAD ECCI,PROFESIONAL EN GASTRONOMIA,1,2019,1,4
5802,UNIVERSIDAD ECCI,PROFESIONAL EN GASTRONOMIA,2,2019,1,6
5802,UNIVERSIDAD ECCI,TECNOLOGIA EN GESTION GASTRONOMICA,1,2019,1,229
5802,UNIVERSIDAD ECCI,TECNOLOGIA EN GESTION GASTRONOMICA,2,2019,1,138
5802,UNIVERSIDAD ECCI,INGENIERIA INDUSTRIAL,1,2019,1,5
5802,UNIVERSIDAD ECCI,INGENIERIA INDUSTRIAL,2,2019,1,3
5802,UNIVERSIDAD ECCI,TECNOLOGIA EN GESTION DE PROCESOS INDUSTRIALES,1,2019,1,61
5802,UNIVERSIDAD ECCI,TECNOLOGIA EN GESTION DE PROCESOS INDUSTRIALES,2,2019,1,38
5802,UNIVERSIDAD ECCI,MAESTRIA EN GERENCIA DE TECNOLOGIAS DE LA INFORMACION Y COMUNICACION TIC,1,2019,1,44
5802,UNIVERSIDAD ECCI,MAESTRIA EN GERENCIA DE TECNOLOGIAS DE LA INFORMACION Y COMUNICACION TIC,2,2019,1,19
5802,UNIVERSIDAD ECCI,INGENIERIA MECATRONICA,1,2019,1,18
5802,UNIVERSIDAD ECCI,INGENIERIA MECATRONICA,2,2019,1,1
5802,UNIVERSIDAD ECCI,TECNOLOGIA EN AUTOMATIZACION Y ROBOTICA INDUSTRIAL,1,2019,1,109
5802,UNIVERSIDAD ECCI,TECNOLOGIA EN AUTOMATIZACION Y ROBOTICA INDUSTRIAL,2,2019,1,11
5802,UNIVERSIDAD ECCI,DERECHO,1,2019,1,39
5802,UNIVERSIDAD ECCI,DERECHO,2,2019,1,58
5802,UNIVERSIDAD ECCI,MAESTRIA EN INGENIERIA,1,2019,1,31
5802,UNIVERSIDAD ECCI,MAESTRIA EN INGENIERIA,2,2019,1,7
5802,UNIVERSIDAD ECCI,TECNOLOGIA EN PROCESOS QUIMICOS INDUSTRIALES,1,2019,1,55
5802,UNIVERSIDAD ECCI,TECNOLOGIA EN PROCESOS QUIMICOS INDUSTRIALES,2,2019,1,56
5802,UNIVERSIDAD ECCI,TECNOLOGIA EN MANTENIMIENTO DE EQUIPOS BIOMEDICOS,1,2019,1,78
5802,UNIVERSIDAD ECCI,TECNOLOGIA EN MANTENIMIENTO DE EQUIPOS BIOMEDICOS,2,2019,1,68
5802,UNIVERSIDAD ECCI,INGENIERIA AMBIENTAL,1,2019,1,36
5802,UNIVERSIDAD ECCI,INGENIERIA AMBIENTAL,2,2019,1,37
5802,UNIVERSIDAD ECCI,INGENIERIA INDUSTRIAL,2,2020,1,7
5802,UNIVERSIDAD ECCI,CONTADURÍA PÚBLICA,2,2020,1,107
5802,UNIVERSIDAD ECCI,INGENIERIA INDUSTRIAL,1,2020,1,5
5802,UNIVERSIDAD ECCI,COMERCIO INTERNACIONAL,1,2020,1,136
5802,UNIVERSIDAD ECCI,COMERCIO INTERNACIONAL,2,2020,1,230
5802,UNIVERSIDAD ECCI,CONTADURÍA PÚBLICA,1,2020,1,54
5802,UNIVERSIDAD ECCI,ESPECIALIZACION EN PRODUCCION Y LOGISTICA INTERNACIONAL,1,2020,1,2
5802,UNIVERSIDAD ECCI,ESPECIALIZACION EN GERENCIA DE MANTENIMIENTO,1,2020,1,60
5802,UNIVERSIDAD ECCI,ESPECIALIZACION EN GERENCIA DE MANTENIMIENTO,2,2020,1,8
5802,UNIVERSIDAD ECCI,ESPECIALIZACION EN GERENCIA DE INGENIERIA HOSPITALARIA,1,2020,1,3
5802,UNIVERSIDAD ECCI,ESPECIALIZACION EN GERENCIA DE INGENIERIA HOSPITALARIA,2,2020,1,8
5802,UNIVERSIDAD ECCI,INGENIERIA ELECTRONICA,1,2020,1,304
5802,UNIVERSIDAD ECCI,INGENIERIA ELECTRONICA,2,2020,1,46
5802,UNIVERSIDAD ECCI,INGENIERIA DE SISTEMAS,1,2020,1,461
5802,UNIVERSIDAD ECCI,INGENIERIA DE SISTEMAS,2,2020,1,102
5802,UNIVERSIDAD ECCI,INGENIERIA BIOMEDICA,1,2020,1,155
5802,UNIVERSIDAD ECCI,INGENIERIA BIOMEDICA,2,2020,1,171
5802,UNIVERSIDAD ECCI,INGENIERIA AMBIENTAL,1,2020,1,287
5802,UNIVERSIDAD ECCI,INGENIERIA AMBIENTAL,2,2020,1,508
5802,UNIVERSIDAD ECCI,INGENIERIA INDUSTRIAL,1,2020,1,657
5802,UNIVERSIDAD ECCI,INGENIERIA INDUSTRIAL,2,2020,1,598
5802,UNIVERSIDAD ECCI,INGENIERIA MECANICA,1,2020,1,1144
5802,UNIVERSIDAD ECCI,INGENIERIA MECANICA,2,2020,1,66
5802,UNIVERSIDAD ECCI,INGENIERIA DE PLASTICOS,1,2020,1,13
5802,UNIVERSIDAD ECCI,INGENIERIA DE PLASTICOS,2,2020,1,5
5802,UNIVERSIDAD ECCI,DISEÑO DE MODAS,1,2020,1,13
5802,UNIVERSIDAD ECCI,DISEÑO DE MODAS,2,2020,1,71
5802,UNIVERSIDAD ECCI,PROFESIONAL EN LENGUAS MODERNAS,1,2020,1,850
5802,UNIVERSIDAD ECCI,PROFESIONAL EN LENGUAS MODERNAS,2,2020,1,1544
5802,UNIVERSIDAD ECCI,MERCADEO Y PUBLICIDAD,1,2020,1,112
5802,UNIVERSIDAD ECCI,MERCADEO Y PUBLICIDAD,2,2020,1,171
5802,UNIVERSIDAD ECCI,TECNOLOGIA EN GESTION CONTABLE,1,2020,1,68
5802,UNIVERSIDAD ECCI,TECNOLOGIA EN GESTION CONTABLE,2,2020,1,108
5802,UNIVERSIDAD ECCI,TECNOLOGIA EN SOPORTE DE TELECOMUNICACIONES,1,2020,1,89
5802,UNIVERSIDAD ECCI,TECNOLOGIA EN SOPORTE DE TELECOMUNICACIONES,2,2020,1,17
5802,UNIVERSIDAD ECCI,TECNOLOGIA EN ELECTRONICA INDUSTRIAL,1,2020,1,237
5802,UNIVERSIDAD ECCI,TECNOLOGIA EN ELECTRONICA INDUSTRIAL,2,2020,1,25
5802,UNIVERSIDAD ECCI,TECNOLOGIA EN DESARROLLO AMBIENTAL,1,2020,1,211
5802,UNIVERSIDAD ECCI,TECNOLOGIA EN DESARROLLO AMBIENTAL,2,2020,1,201
5802,UNIVERSIDAD ECCI,ENFERMERIA,1,2020,1,32
5802,UNIVERSIDAD ECCI,ENFERMERIA,2,2020,1,103
5802,UNIVERSIDAD ECCI,TECNOLOGIA EN DESARROLLO INFORMATICO,1,2020,1,495
5802,UNIVERSIDAD ECCI,TECNOLOGIA EN DESARROLLO INFORMATICO,2,2020,1,84
5802,UNIVERSIDAD ECCI,TECNOLOGIA EN GESTION DE PROCESOS INDUSTRIALES,1,2020,1,720
5802,UNIVERSIDAD ECCI,TECNOLOGIA EN GESTION DE PROCESOS INDUSTRIALES,2,2020,1,543
5802,UNIVERSIDAD ECCI,TECNOLOGIA EN ELECTROMEDICINA,1,2020,1,110
5802,UNIVERSIDAD ECCI,TECNOLOGIA EN ELECTROMEDICINA,2,2020,1,111
5802,UNIVERSIDAD ECCI,TECNOLOGIA EN MECANICA INDUSTRIAL,1,2020,1,415
5802,UNIVERSIDAD ECCI,TECNOLOGIA EN MECANICA INDUSTRIAL,2,2020,1,39
5802,UNIVERSIDAD ECCI,TECNOLOGIA EN MECANICA AUTOMOTRIZ,1,2020,1,1688
5802,UNIVERSIDAD ECCI,TECNOLOGIA EN MECANICA AUTOMOTRIZ,2,2020,1,83
5802,UNIVERSIDAD ECCI,TECNICA PROFESIONAL EN MECANICA AUTOMOTRIZ,1,2020,1,9
5802,UNIVERSIDAD ECCI,TECNOLOGIA EN GESTION DE COMERCIO EXTERIOR,1,2020,1,177
5802,UNIVERSIDAD ECCI,TECNOLOGIA EN GESTION DE COMERCIO EXTERIOR,2,2020,1,195
5802,UNIVERSIDAD ECCI,INGENIERIA MECATRONICA,1,2020,1,341
5802,UNIVERSIDAD ECCI,INGENIERIA MECATRONICA,2,2020,1,53
5802,UNIVERSIDAD ECCI,TECNOLOGIA EN AUTOMATIZACION Y ROBOTICA INDUSTRIAL,1,2020,1,764
5802,UNIVERSIDAD ECCI,TECNOLOGIA EN AUTOMATIZACION Y ROBOTICA INDUSTRIAL,2,2020,1,96
5802,UNIVERSIDAD ECCI,TECNOLOGIA EN PROCESAMIENTO DE PLASTICOS,1,2020,1,21
5802,UNIVERSIDAD ECCI,TECNOLOGIA EN PROCESAMIENTO DE PLASTICOS,2,2020,1,8
5802,UNIVERSIDAD ECCI,TECNOLOGIA EN CREACION Y PRODUCCION DE MODA,1,2020,1,40
5802,UNIVERSIDAD ECCI,TECNOLOGIA EN CREACION Y PRODUCCION DE MODA,2,2020,1,185
5802,UNIVERSIDAD ECCI,ESPECIALIZACION EN GERENCIA DE LA SEGURIDAD Y SALUD EN EL TRABAJO,1,2020,1,35
5802,UNIVERSIDAD ECCI,ESPECIALIZACION EN GERENCIA DE LA SEGURIDAD Y SALUD EN EL TRABAJO,2,2020,1,108
5802,UNIVERSIDAD ECCI,ESTADÍSTICA,1,2020,1,31
5802,UNIVERSIDAD ECCI,ESTADÍSTICA,2,2020,1,18
5802,UNIVERSIDAD ECCI,ESPECIALIZACION EN GERENCIA DE LA SEGURIDAD Y SALUD EN EL TRABAJO,1,2020,1,205
5802,UNIVERSIDAD ECCI,ESPECIALIZACION EN GERENCIA DE LA SEGURIDAD Y SALUD EN EL TRABAJO,2,2020,1,483
5802,UNIVERSIDAD ECCI,ESPECIALIZACIÓN EN EDUCACIÓN PARA LA SOSTENIBILIDAD AMBIENTAL,1,2020,1,1
5802,UNIVERSIDAD ECCI,ESPECIALIZACIÓN EN EDUCACIÓN PARA LA SOSTENIBILIDAD AMBIENTAL,2,2020,1,15
5802,UNIVERSIDAD ECCI,TECNOLOGIA EN MERCADEO Y DISEÑO PUBLICITARIO,1,2020,1,343
5802,UNIVERSIDAD ECCI,TECNOLOGIA EN MERCADEO Y DISEÑO PUBLICITARIO,2,2020,1,405
5802,UNIVERSIDAD ECCI,PROFESIONAL EN LENGUAS MODERNAS,1,2020,1,190
5802,UNIVERSIDAD ECCI,PROFESIONAL EN LENGUAS MODERNAS,2,2020,1,365
5802,UNIVERSIDAD ECCI,ESPECIALIZACION EN INNOVACION DOCENTE MEDIADA POR TIC,1,2020,1,16
5802,UNIVERSIDAD ECCI,ESPECIALIZACION EN INNOVACION DOCENTE MEDIADA POR TIC,2,2020,1,14
5802,UNIVERSIDAD ECCI,TECNOLOGIA EN GESTION DEL COMERCIO EXTERIOR,1,2020,1,13
5802,UNIVERSIDAD ECCI,TECNOLOGIA EN GESTION DEL COMERCIO EXTERIOR,2,2020,1,21
5802,UNIVERSIDAD ECCI,COMERCIO INTERNACIONAL,1,2020,1,2
5802,UNIVERSIDAD ECCI,COMERCIO INTERNACIONAL,2,2020,1,4
5802,UNIVERSIDAD ECCI,PROFESIONAL EN GASTRONOMIA,1,2020,1,27
5802,UNIVERSIDAD ECCI,PROFESIONAL EN GASTRONOMIA,2,2020,1,23
5802,UNIVERSIDAD ECCI,TECNOLOGIA EN GESTION GASTRONOMICA,1,2020,1,268
5802,UNIVERSIDAD ECCI,TECNOLOGIA EN GESTION GASTRONOMICA,2,2020,1,165
5802,UNIVERSIDAD ECCI,TECNOLOGIA EN GESTION DE PROCESOS INDUSTRIALES,1,2020,1,63
5802,UNIVERSIDAD ECCI,TECNOLOGIA EN GESTION DE PROCESOS INDUSTRIALES,2,2020,1,32
5802,UNIVERSIDAD ECCI,MAESTRIA EN GERENCIA DE TECNOLOGIAS DE LA INFORMACION Y COMUNICACION TIC,1,2020,1,33
5802,UNIVERSIDAD ECCI,MAESTRIA EN GERENCIA DE TECNOLOGIAS DE LA INFORMACION Y COMUNICACION TIC,2,2020,1,15
5802,UNIVERSIDAD ECCI,INGENIERIA MECATRONICA,1,2020,1,23
5802,UNIVERSIDAD ECCI,INGENIERIA MECATRONICA,2,2020,1,1
5802,UNIVERSIDAD ECCI,INGENIERIA MECATRONICA,1,2020,1,262
5802,UNIVERSIDAD ECCI,INGENIERIA MECATRONICA,2,2020,1,37
5802,UNIVERSIDAD ECCI,TECNOLOGIA EN AUTOMATIZACION Y ROBOTICA INDUSTRIAL,1,2020,1,101
5802,UNIVERSIDAD ECCI,TECNOLOGIA EN AUTOMATIZACION Y ROBOTICA INDUSTRIAL,2,2020,1,13
5802,UNIVERSIDAD ECCI,DERECHO,1,2020,1,57
5802,UNIVERSIDAD ECCI,DERECHO,2,2020,1,83
5802,UNIVERSIDAD ECCI,MAESTRIA EN INGENIERIA,1,2020,1,24
5802,UNIVERSIDAD ECCI,MAESTRIA EN INGENIERIA,2,2020,1,6
5802,UNIVERSIDAD ECCI,TECNOLOGIA EN PROCESOS QUIMICOS INDUSTRIALES,1,2020,1,110
5802,UNIVERSIDAD ECCI,TECNOLOGIA EN PROCESOS QUIMICOS INDUSTRIALES,2,2020,1,146
5802,UNIVERSIDAD ECCI,TECNOLOGIA EN MANTENIMIENTO DE EQUIPOS BIOMEDICOS,1,2020,1,157
5802,UNIVERSIDAD ECCI,TECNOLOGIA EN MANTENIMIENTO DE EQUIPOS BIOMEDICOS,2,2020,1,115
5802,UNIVERSIDAD ECCI,INGENIERIA AMBIENTAL,1,2020,1,238
5802,UNIVERSIDAD ECCI,INGENIERIA AMBIENTAL,2,2020,1,347
5802,UNIVERSIDAD ECCI,MAESTRIA EN MATERIALES Y PROCESOS INDUSTRIALES,1,2020,1,4
5802,UNIVERSIDAD ECCI,MAESTRIA EN MATERIALES Y PROCESOS INDUSTRIALES,2,2020,1,1
5802,UNIVERSIDAD ECCI,ADMINISTRACIÓN DE EMPRESAS,2,2020,1,4
